{
  "flower": "all",
  "hasHoneycomb": true,
  "maxTimeInHive": 1200,
  "sizeModifier": 0.75,
  "ColorData": {
    "isBeeColored": true,
    "honeycombColor": "#92b9fe",
    "primaryColor": "#92b9fe",
    "secondaryColor": "#303030"
  },
  "MutationData": {
    "hasMutation": false
  },
  "CentrifugeData": {
    "hasCentrifugeOutput": true,
    "mainOutput": "minecraft:ice"
  },
  "SpawnData": {
    "canSpawnInWorld": false,
    "biomeWhitelist": "tag:OVERWORLD"
  },
  "BreedData": {
    "isBreedable": true,
    "feedItem": "minecraft:poppy",
    "feedAmount": 1
  },
  "TraitData": {}
}
