{
  "flower": "ALL",
  "hasHoneycomb": true,
  "maxTimeInHive": 600,
  "ColorData": {
    "isBeeColored": true,
    "honeycombColor": "#FFFFFF",
    "primaryColor": "#FFFFFF",
    "secondaryColor": "#F3F3F3"
  },
  "MutationData": {
    "hasMutation": false
  },
  "CentrifugeData": {
    "hasCentrifugeOutput": true,
    "mainOutput": "astralsorcery:marble_raw"
  },
  "SpawnData": {
    "canSpawnInWorld": false,
    "biomeWhitelist": "tag:OVERWORLD"
  },
  "BreedData": {
    "isBreedable": true,
    "feedItem": "astralsorcery:marble_raw",
    "feedAmount": 1
  },
  "TraitData": {}
}
