{
    "flower": "tag:minecraft:logs",
    "maxTimeInHive": 600,
    "hasHoneycomb": true,
    "ColorData": {
        "primaryColor": "#453B2A",
        "secondaryColor": "#453B2A",
        "honeycombColor": "#453B2A",
        "isBeeColored": true
    },
    "MutationData": {
        "hasMutation": false
    },
    "CentrifugeData": {
        "hasCentrifugeOutput": true,
        "mainOutput": "minecraft:oak_log"
    },
    "SpawnData": {
    "canSpawnInWorld": false,
    "biomeWhitelist": "tag:OVERWORLD"
  },
    "BreedData": {
        "isBreedable": true,
        "feedItem": "tag:minecraft:logs",
        "feedAmount": 1
    },
    "TraitData": {}
}