{
  "flower": "mekanism:block_bronze",
  "hasHoneycomb": true,
  "maxTimeInHive": 600,
  "ColorData": {
    "isBeeColored": true,
    "honeycombColor": "#F18E68",
    "primaryColor": "#F18E68",
    "secondaryColor": "#C49987"
  },
  "MutationData": {
    "hasMutation": false
  },
  "CentrifugeData": {
    "hasCentrifugeOutput": true,
    "mainOutput": "mekanism:ingot_bronze"
  },
  "SpawnData": {
    "canSpawnInWorld": false,
    "biomeWhitelist": "tag:OVERWORLD"
  },
  "BreedData": {
    "isBreedable": true,
    "parent1": "Copper",
    "parent2": "Tin",
    "feedItem": "mekanism:ingot_bronze",
    "feedAmount": 1
  },
  "TraitData": {}
}
