{
  "flower": "appliedenergistics2:quartz_block",
  "hasHoneycomb": true,
  "maxTimeInHive": 600,
  "ColorData": {
    "isBeeColored": true,
    "honeycombColor": "#C0DCE7",
    "primaryColor": "#C0DCE7",
    "secondaryColor": "#A2C4C9",
    "modelType": "ORE"
  },
  "MutationData": {
    "hasMutation": false
  },
  "CentrifugeData": {
    "hasCentrifugeOutput": true,
    "mainOutput": "appliedenergistics2:certus_quartz_crystal"
  },
  "SpawnData": {
    "canSpawnInWorld": false,
    "biomeWhitelist": "tag:OVERWORLD"
  },
  "BreedData": {
    "isBreedable": true,
    "parent1": "Sieve",
    "parent2": "Dust",
    "breedWeight": 0.1,
    "feedItem": "appliedenergistics2:certus_quartz_crystal",
    "feedAmount": 1
  },
  "TraitData": {}
}
