{
  "flower": "quark:gunpowder_sack",
  "maxTimeInHive": 600,
  "hasHoneycomb": true,
  "baseLayerTexture": "/creeper/creeper_bee",
  "ColorData": {
    "isBeeColored": false,
    "honeycombColor": "#0C9F0A",
    "isGlowing": true,
    "glowColor": "#E2D3D3",
    "glowingPulse": 2,
    "emissiveLayerTexture": "/creeper/creeper_bee_emissive"
  },
  "MutationData": {
    "hasMutation": false
  },
  "CentrifugeData": {
    "hasCentrifugeOutput": true,
    "mainOutput": "minecraft:gunpowder",
    "mainOutputCount": 4
  },
  "SpawnData": {
    "canSpawnInWorld": false,
    "biomeWhitelist": "tag:OVERWORLD"
  },
  "BreedData": {
    "isBreedable": true,
    "parent1": "Sieve",
    "parent2": "Dust",
    "breedWeight": 0.1,
    "feedItem": "minecraft:gunpowder",
    "feedAmount": 1
  },
  "TraitData": {}
}
