{
  "flower": "ALL",
  "hasHoneycomb": true,
  "maxTimeInHive": 600,
  "ColorData": {
    "isBeeColored": true,
    "honeycombColor": "#EEECCC",
    "primaryColor": "#EEECCC",
    "secondaryColor": "#ECEBD4"
  },
  "MutationData": {
    "hasMutation": false
  },
  "CentrifugeData": {
    "hasCentrifugeOutput": true,
    "mainOutput": "exnihilosequentia:dust"
  },
  "SpawnData": {
    "canSpawnInWorld": false,
    "biomeWhitelist": "tag:OVERWORLD"
  },
  "BreedData": {
    "feedItem": "exnihilosequentia:dust",
    "feedAmount": 1,
    "isBreedable": true
  },
  "TraitData": {}
}
