{
  "flower": "mekanism:fluorite_ore",
  "hasHoneycomb": true,
  "maxTimeInHive": 600,
  "ColorData": {
    "isBeeColored": true,
    "honeycombColor": "#EEE3EB",
    "primaryColor": "#EEE3EB",
    "secondaryColor": "#D6F0F3"
  },
  "MutationData": {
    "hasMutation": false
  },
  "CentrifugeData": {
    "hasCentrifugeOutput": true,
    "mainOutput": "mekanism:fluorite_gem",
    "mainOutputCount": 2
  },
  "SpawnData": {
    "canSpawnInWorld": false,
    "biomeWhitelist": "tag:OVERWORLD"
  },
  "BreedData": {
    "isBreedable": true,
    "parent1": "Sieve",
    "parent2": "Dust",
    "breedWeight": 0.1,
    "feedItem": "mekanism:fluorite_gem",
    "feedAmount": 1
  },
  "TraitData": {}
}
