{
  "flower": "botania:manasteel_block",
  "hasHoneycomb": true,
  "maxTimeInHive": 600,
  "ColorData": {
    "isBeeColored": true,
    "honeycombColor": "#0A64F3",
    "primaryColor": "#0A64F3",
    "secondaryColor": "#558DE5"
  },
  "MutationData": {
    "hasMutation": false
  },
  "CentrifugeData": {
    "hasCentrifugeOutput": true,
    "mainOutput": "botania:manasteel_ingot"
  },
  "SpawnData": {
    "canSpawnInWorld": false,
    "biomeWhitelist": "tag:OVERWORLD"
  },
  "BreedData": {
    "isBreedable": true,
    "parent1": "Iron",
    "parent2": "RGBee",
    "feedItem": "botania:manasteel_ingot",
    "feedAmount": 1
  },
  "TraitData": {}
}
