{
  "flower": "ALL",
  "hasHoneycomb": true,
  "maxTimeInHive": 600,
  "ColorData": {
    "isBeeColored": true,
    "honeycombColor": "#F0EC93",
    "primaryColor": "#F0EC93",
    "secondaryColor": "#D2CF82"
  },
  "MutationData": {
    "hasMutation": false
  },
  "CentrifugeData": {
    "hasCentrifugeOutput": true,
    "mainOutput": "minecraft:sand"
  },
  "SpawnData": {
    "canSpawnInWorld": false,
    "biomeWhitelist": "tag:OVERWORLD"
  },
  "BreedData": {
    "isBreedable": true,
    "feedItem": "minecraft:sand",
    "feedAmount": 1
  },
  "TraitData": {}
}
