{
  "flower": "extendedcrafting:nether_star_block",
  "maxTimeInHive": 600,
  "hasHoneycomb": true,
  "baseLayerTexture": "wither/wither_bee",
  "ColorData": {
    "isBeeColored": false,
    "honeycombColor": "#444444"
  },
  "MutationData": {
    "hasMutation": false
  },
  "CentrifugeData": {
    "hasCentrifugeOutput": true,
    "mainOutput": "minecraft:nether_star",
    "mainOutputWeight": 0.5
  },
  "SpawnData": {
    "canSpawnInWorld": false,
    "biomeWhitelist": "tag:OVERWORLD"
  },
  "BreedData": {
    "isBreedable": true,
    "parent1": "Wither_Skeleton",
    "parent2": "Soulsand",
    "feedItem": "minecraft:nether_star",
    "feedAmount": 1
  },
  "TraitData": {}
}
