{
  "__comment": "Instructions: https://mods.blakebr0.com/docs/cucumber/tags-config",
  "forge:ingots/aluminum": "immersiveengineering:ingot_aluminum",
  "forge:ingots/bronze": "mekanism:ingot_bronze",
  "forge:ingots/copper": "mekanism:ingot_copper",
  "forge:ingots/electrum": "immersiveengineering:ingot_electrum",
  "forge:ingots/invar": "null",
  "forge:ingots/lead": "mekanism:ingot_lead",
  "forge:ingots/nickel": "immersiveengineering:ingot_nickel",
  "forge:ingots/platinum": "exnihilosequentia:ingot_platinum",
  "forge:ingots/silver": "immersiveengineering:ingot_silver",
  "forge:ingots/steel": "mekanism:ingot_steel",
  "forge:ingots/tin": "mekanism:ingot_tin",
  "forge:ingots/uranium": "mekanism:ingot_uranium"
}