{
  "flower": "astralsorcery:aquamarine_sand_ore",
  "hasHoneycomb": true,
  "maxTimeInHive": 600,
  "ColorData": {
    "isBeeColored": true,
    "honeycombColor": "#3ED9EF",
    "primaryColor": "#3ED9EF",
    "secondaryColor": "#3BB0D5"
  },
  "MutationData": {
    "hasMutation": false
  },
  "CentrifugeData": {
    "hasCentrifugeOutput": true,
    "mainOutput": "astralsorcery:aquamarine"
  },
  "SpawnData": {
    "canSpawnInWorld": false,
    "biomeWhitelist": "tag:OVERWORLD"
  },
  "BreedData": {
    "isBreedable": true,
    "parent1": "Marble",
    "parent2": "Sand",
    "feedItem": "astralsorcery:aquamarine",
    "feedAmount": 1
  },
  "TraitData": {}
}
