{
  "flower": "ALL",
  "hasHoneycomb": true,
  "maxTimeInHive": 600,
  "ColorData": {
    "isBeeColored": true,
    "honeycombColor": "#474f52",
    "primaryColor": "#474f52",
    "secondaryColor": "#9c9d97"
  },
  "MutationData": {
    "hasMutation": false
  },
  "CentrifugeData": {
    "hasCentrifugeOutput": true,
    "mainOutput": "minecraft:cobblestone"
  },
  "SpawnData": {
    "canSpawnInWorld": false,
    "biomeWhitelist": "tag:OVERWORLD"
  },
  "BreedData": {
    "isBreedable": true,
    "feedItem": "minecraft:cobblestone",
    "feedAmount": 1
  },
  "TraitData": {}
}
