{
  "flower": "immersiveengineering:storage_constantan",
  "hasHoneycomb": true,
  "maxTimeInHive": 600,
  "ColorData": {
    "isBeeColored": true,
    "honeycombColor": "#F35D23",
    "primaryColor": "#F35D23",
    "secondaryColor": "#E78964"
  },
  "MutationData": {
    "hasMutation": false
  },
  "CentrifugeData": {
    "hasCentrifugeOutput": true,
    "mainOutput": "immersiveengineering:ingot_constantan"
  },
  "SpawnData": {
    "canSpawnInWorld": false,
    "biomeWhitelist": "tag:OVERWORLD"
  },
  "BreedData": {
    "isBreedable": true,
    "parent1": "Copper",
    "parent2": "Nickel",
    "feedItem": "immersiveengineering:ingot_constantan",
    "feedAmount": 1
  },
  "TraitData": {}
}
