{
  "flower": "minecraft:iron_block",
  "hasHoneycomb": true,
  "maxTimeInHive": 600,
  "baseLayerTexture": "ores/iron/iron_bee",
  "ColorData": {
    "isBeeColored": false,
    "honeycombColor": "#ffcc99",
    "modelType": "ORE"
  },
  "MutationData": {
    "hasMutation": false
  },
  "CentrifugeData": {
    "hasCentrifugeOutput": true,
    "mainOutput": "minecraft:iron_ingot"
  },
  "SpawnData": {
    "canSpawnInWorld": false,
    "biomeWhitelist": "tag:OVERWORLD"
  },
  "BreedData": {
    "isBreedable": true,
    "parent1": "Sieve",
    "parent2": "Sand",
    "breedWeight": 0.7,
    "feedItem": "minecraft:iron_ingot",
    "feedAmount": 1
  },
  "TraitData": {}
}
