{
  "flower": "minecraft:prismarine",
  "hasHoneycomb": true,
  "maxTimeInHive": 600,
  "ColorData": {
    "isBeeColored": true,
    "honeycombColor": "#0DF2CC",
    "primaryColor": "#0DF2CC",
    "secondaryColor": "#75E2D0"
  },
  "MutationData": {
    "hasMutation": false
  },
  "CentrifugeData": {
    "hasCentrifugeOutput": true,
    "mainOutput": "minecraft:prismarine_shard"
  },
  "SpawnData": {
    "canSpawnInWorld": false,
    "biomeWhitelist": "tag:OVERWORLD"
  },
  "BreedData": {
    "isBreedable": true,
    "parent1": "Sieve",
    "parent2": "Sand",
    "breedWeight": 0.3,
    "feedItem": "minecraft:prismarine_shard",
    "feedAmount": 1
  },
  "TraitData": {}
}
