{
  "flower": "minecraft:redstone_block",
  "maxTimeInHive": 600,
  "hasHoneycomb": true,
  "baseLayerTexture": "ores/redstone/redstone_bee",
  "ColorData": {
    "isBeeColored": false,
    "honeycombColor": "#aa0f01",
    "modelType": "ORE"
  },
  "MutationData": {
    "hasMutation": false
  },
  "CentrifugeData": {
    "hasCentrifugeOutput": true,
    "mainOutput": "minecraft:redstone",
    "mainOutputCount": 4
  },
  "SpawnData": {
    "canSpawnInWorld": false,
    "biomeWhitelist": "tag:OVERWORLD"
  },
  "BreedData": {
    "isBreedable": true,
    "parent1": "Sieve",
    "parent2": "Dust",
    "breedWeight": 0.2,
    "feedItem": "minecraft:redstone",
    "feedAmount": 1
  },
  "TraitData": {}
}
