{
  "flower": "mekanism:block_refined_obsidian",
  "hasHoneycomb": true,
  "maxTimeInHive": 600,
  "ColorData": {
    "isBeeColored": true,
    "honeycombColor": "#7947BB",
    "primaryColor": "#7947BB",
    "secondaryColor": "#8462B0"
  },
  "MutationData": {
    "hasMutation": false
  },
  "CentrifugeData": {
    "hasCentrifugeOutput": true,
    "mainOutput": "mekanism:ingot_refined_obsidian"
  },
  "SpawnData": {
    "canSpawnInWorld": false,
    "biomeWhitelist": "tag:OVERWORLD"
  },
  "BreedData": {
    "isBreedable": true,
    "parent1": "Steel",
    "parent2": "Obsidian",
    "feedItem": "mekanism:ingot_refined_obsidian",
    "feedAmount": 1
  },
  "TraitData": {}
}
