{
  "flower": "minecraft:soul_sand",
  "hasHoneycomb": true,
  "maxTimeInHive": 600,
  "ColorData": {
    "isBeeColored": true,
    "honeycombColor": "#331202",
    "primaryColor": "#331202",
    "secondaryColor": "#3F2B22"
  },
  "MutationData": {
    "hasMutation": false
  },
  "CentrifugeData": {
    "hasCentrifugeOutput": true,
    "mainOutput": "minecraft:soul_sand"
  },
  "SpawnData": {
    "canSpawnInWorld": false,
    "biomeWhitelist": "tag:OVERWORLD"
  },
  "BreedData": {
    "isBreedable": true,
    "parent1": "Netherrack",
    "parent2": "Sand",
    "feedItem": "minecraft:soul_sand",
    "feedAmount": 1
  },
  "TraitData": {}
}
